AssetPath,DisplayName,Rank,Chosen,Score,Query,Uid,Name,Author,License,Faces,NeedsDecimate,Likes,Url,Thumb
AMMO/AdvancedBullet,Advanced Bullet,1,1,16.2,9mm bullet,0d7999325e6d4007b17e6c57e9464bdb,Ammo Box 9MM,apariciosilva3D,CC-BY,17688,0,125,https://sketchfab.com/3d-models/none-0d7999325e6d4007b17e6c57e9464bdb,https://media.sketchfab.com/models/0d7999325e6d4007b17e6c57e9464bdb/thumbnails/642615ba4ff54184b44f9de8634499e2/ceeb3608d8e4492987f776484becfdbc.jpeg
AMMO/AdvancedBullet,Advanced Bullet,2,0,13.96,9mm bullet,0f30e92c86144d06bc42e7433376ce00,MP5 A2,Gintoki1234,CC-BY,29849,1,94,https://sketchfab.com/3d-models/none-0f30e92c86144d06bc42e7433376ce00,https://media.sketchfab.com/models/0f30e92c86144d06bc42e7433376ce00/thumbnails/dbacbaf60f4b494a8f1a0fc533282bb3/38db3dea74aa46f4ac0ab47c4d0a2b72.jpeg
AMMO/AdvancedBullet,Advanced Bullet,3,0,10.97,9mm bullet,09e4305688584035bde95f302969f527,9mm Luger,sasunsagbazar,CC-BY,9600,0,96,https://sketchfab.com/3d-models/none-09e4305688584035bde95f302969f527,https://media.sketchfab.com/models/09e4305688584035bde95f302969f527/thumbnails/543c8e1c18de4a6e9e249739b6a99e0f/42edb3b544864deda67eea9759a2e4dd.jpeg
AMMO/AdvancedRifleAmmo,Advanced Rifle Ammo,1,1,21.83,rifle ammo,0e880a3c2cfd4ea9a4891a81f621733b,Assault Rifle Ammo Box REMAKE,jsandwich96,CC-BY,6724,0,81,https://sketchfab.com/3d-models/none-0e880a3c2cfd4ea9a4891a81f621733b,https://media.sketchfab.com/models/0e880a3c2cfd4ea9a4891a81f621733b/thumbnails/5254ade111d0498c85b99301b4562322/d11d74c20a6d4e4ca05a2e79cb01d497.jpeg
AMMO/AdvancedRifleAmmo,Advanced Rifle Ammo,2,0,20.76,rifle ammo,4aec6e912dff4f0babdbb85f24057234,Assault Rifle Ammo Box,jsandwich96,CC-BY,43720,1,75,https://sketchfab.com/3d-models/none-4aec6e912dff4f0babdbb85f24057234,https://media.sketchfab.com/models/4aec6e912dff4f0babdbb85f24057234/thumbnails/36548240ff3b44af89842f8045cc4657/02cdae46db6f469d961734f8400fcd85.jpeg
AMMO/AdvancedRifleAmmo,Advanced Rifle Ammo,3,0,15.87,rifle ammo,8a89de4292674fbe847c8ab3c06a7215,Lapua Magnum Ammo cal. .338,naprimerjenya,CC-BY,734,0,85,https://sketchfab.com/3d-models/none-8a89de4292674fbe847c8ab3c06a7215,https://media.sketchfab.com/models/8a89de4292674fbe847c8ab3c06a7215/thumbnails/38e61be8680c4619b4178cf40a072b5d/042f0f3730da4288b3030ee39f694c76.jpeg
AMMO/C4Charge,C4 Charge,1,1,17.8,c4 explosive,39d560a8f6884e0e914db63939a18312,C4 Explosive,LM3D,CC-BY,33390,1,24,https://sketchfab.com/3d-models/none-39d560a8f6884e0e914db63939a18312,https://media.sketchfab.com/models/39d560a8f6884e0e914db63939a18312/thumbnails/f77d53788b54400abd2e1fc22cd8daa9/edb511b378ef4ea8a1358630d266c640.jpeg
AMMO/C4Charge,C4 Charge,2,0,11.51,c4 explosive,1136e57481274df78877d323cf7e730a,"C4, Explosive, Device",Tnkii,CC-BY,12368,0,178,https://sketchfab.com/3d-models/none-1136e57481274df78877d323cf7e730a,https://media.sketchfab.com/models/1136e57481274df78877d323cf7e730a/thumbnails/be1cd9a3d6724d96b428ee498daa024f/200x200.jpeg
AMMO/C4Charge,C4 Charge,3,0,11.32,c4 explosive,574aeb9056224162951548cdf328e456,Simple Explosive - Revised,Blender3D,CC-BY,15044,0,143,https://sketchfab.com/3d-models/none-574aeb9056224162951548cdf328e456,https://media.sketchfab.com/models/574aeb9056224162951548cdf328e456/thumbnails/96bdef12489b4761a0ce1cf673adac3f/8e0809b967474cd7aca557837b3968d6.jpeg
AMMO/C4RemoteDetonator,C4 Remote Detonator,1,1,16.69,detonator,189e57e8227e4e21b778a5b20d617645,TRM Neck Detonator,moderncolin,CC-BY,24608,1,6,https://sketchfab.com/3d-models/none-189e57e8227e4e21b778a5b20d617645,https://media.sketchfab.com/models/189e57e8227e4e21b778a5b20d617645/thumbnails/d0237b0001064e15886c5fcce12f0328/5bac6412043b4c56b3f666b5c324363d.jpeg
AMMO/C4RemoteDetonator,C4 Remote Detonator,2,0,11.41,detonator,3c8b9fe3d79a428cb70c8b1be27f1d04,Detonator,BRAIN_ZIP,CC-BY,1938,0,160,https://sketchfab.com/3d-models/none-3c8b9fe3d79a428cb70c8b1be27f1d04,https://media.sketchfab.com/models/3c8b9fe3d79a428cb70c8b1be27f1d04/thumbnails/17d1016a96d547a6b9d5fe3eca7bb205/74e359f4ec8d485fb877810a5720aa6e.jpeg
AMMO/C4RemoteDetonator,C4 Remote Detonator,3,0,10.63,detonator,de912ede7af34713b508b21f1eb2fb6b,Detonator for dynamite,ezraszigetti,CC-BY,17448,0,64,https://sketchfab.com/3d-models/none-de912ede7af34713b508b21f1eb2fb6b,https://media.sketchfab.com/models/de912ede7af34713b508b21f1eb2fb6b/thumbnails/c8037c5beadb41349867ceec6fd9693c/200x200.jpeg
AMMO/CannonBall,Cannon Ball,1,1,14.3,cannonball,005e0d60c6e447a6bb86ceb80a4c712a,Medieval CannonBall,UgurYksk,CC-BY,5726,0,140,https://sketchfab.com/3d-models/none-005e0d60c6e447a6bb86ceb80a4c712a,https://media.sketchfab.com/models/005e0d60c6e447a6bb86ceb80a4c712a/thumbnails/f9ec0456987541f99e79112c78d20400/601fed3eb1ba42f9af623111ea61c0a5.jpeg
AMMO/CannonBall,Cannon Ball,2,0,12.45,cannonball,df60e8db9d56459b8d900d53f5235b10,18th Century Cannon,rivetech,CC-BY,11880,0,167,https://sketchfab.com/3d-models/none-df60e8db9d56459b8d900d53f5235b10,https://media.sketchfab.com/models/df60e8db9d56459b8d900d53f5235b10/thumbnails/c3032296fc4a4bdc8048de67c57f78c3/3e36065e38d041b9b8d46633169945b1.jpeg
AMMO/CannonBall,Cannon Ball,3,0,10.46,cannonball,57f87fd62a52421aa78c32f440d9b086,Cannonball-Freepoly.org,blackrray,CC-BY,5616,0,53,https://sketchfab.com/3d-models/none-57f87fd62a52421aa78c32f440d9b086,https://media.sketchfab.com/models/57f87fd62a52421aa78c32f440d9b086/thumbnails/68b4632f867b4a5ca9e4230dcad6cae1/1cb5d2ac6dea4f93bbfe7b01b076cdcb.jpeg
AMMO/GrapplingHook,Grappling Hook,1,1,10.89,grappling hook,a4e92bbe8163421ea43af03b76ddbbc5,Steampunk Grappling Hook,KieranA04,CC-BY,25888,1,27,https://sketchfab.com/3d-models/none-a4e92bbe8163421ea43af03b76ddbbc5,https://media.sketchfab.com/models/a4e92bbe8163421ea43af03b76ddbbc5/thumbnails/85d70f02d8474fabad10a20a51c407dc/a5d15fba25ff410ebb84f95f77448f07.jpeg
AMMO/GrapplingHook,Grappling Hook,2,0,10.2,grappling hook,4d119a19a1d3476494f700cbf34d1d8e,Grappling Hook,HMdesign,CC-BY,13022,0,3,https://sketchfab.com/3d-models/none-4d119a19a1d3476494f700cbf34d1d8e,https://media.sketchfab.com/models/4d119a19a1d3476494f700cbf34d1d8e/thumbnails/5cba19a06c8b4203b49d8d2776fceab0/c2a5be13c15148cd83344a4bd53dab24.jpeg
AMMO/GrapplingHook,Grappling Hook,3,0,9.82,grappling hook,1b055ccb97834a1ebf4c246070a0c224,Custom Halo Infinite Grappling Hook,Aegis_Wolf,CC-BY,4526,0,80,https://sketchfab.com/3d-models/none-1b055ccb97834a1ebf4c246070a0c224,https://media.sketchfab.com/models/1b055ccb97834a1ebf4c246070a0c224/thumbnails/f4d9c44926e748babf872303ad2c0fd7/55ff156618994e67bac09ff50e62df4d.jpeg
AMMO/Grenade,Grenade,1,1,24.96,hand grenade,a4b91227720b4275a7dfb8253ad56213,British Hand Grenade WW1 Jam tin,OvidiuBarat,CC-BY,10014,0,94,https://sketchfab.com/3d-models/none-a4b91227720b4275a7dfb8253ad56213,https://media.sketchfab.com/models/a4b91227720b4275a7dfb8253ad56213/thumbnails/004bf1240a2d495b956a4d9f74ebc846/28de14651d9c40e2a5093030710f1355.jpeg
AMMO/Grenade,Grenade,2,0,21.9,hand grenade,b36717388d7a47c79c6db65bce30a58a,Gas Hand Grenade,OvidiuBarat,CC-BY,15966,0,88,https://sketchfab.com/3d-models/none-b36717388d7a47c79c6db65bce30a58a,https://media.sketchfab.com/models/b36717388d7a47c79c6db65bce30a58a/thumbnails/8d0021439c7a4fea9cbc4c6b4f752a72/c7de6efe81234c9593b9496f356fda6b.jpeg
AMMO/Grenade,Grenade,3,0,18.04,hand grenade,c0a52d59bbff404f9395fccfa6c0048d,Model 17 Eierhandgranate egg hand grenade custom,OvidiuBarat,CC-BY,24776,1,104,https://sketchfab.com/3d-models/none-c0a52d59bbff404f9395fccfa6c0048d,https://media.sketchfab.com/models/c0a52d59bbff404f9395fccfa6c0048d/thumbnails/3ce603b39d894f1fa10d95872f806aaf/7be1b15329124f7fbb1ea366f56cabab.jpeg
AMMO/HomingUnderwaterMine,Homing Underwater Mine,1,1,7.8,naval mine,15a9f5d74f474cdbba3716cd3aeea419,Old Sea Mine,Rysky,CC-BY,10116,0,78,https://sketchfab.com/3d-models/none-15a9f5d74f474cdbba3716cd3aeea419,https://media.sketchfab.com/models/15a9f5d74f474cdbba3716cd3aeea419/thumbnails/443744096cba4b3cb2bcea3b01942075/b88ac89077af4b1fadbd719823aa97f8.jpeg
AMMO/HomingUnderwaterMine,Homing Underwater Mine,2,0,7.69,naval mine,9671fff2988842908c39e208cacff8cb,Naval Mine chair,chipichau,CC-BY,10360,0,6,https://sketchfab.com/3d-models/none-9671fff2988842908c39e208cacff8cb,https://media.sketchfab.com/models/9671fff2988842908c39e208cacff8cb/thumbnails/d741d569617341a9bc9b2386833e4759/a242f59b2fb949418c008c83c3c92be8.jpeg
AMMO/HomingUnderwaterMine,Homing Underwater Mine,3,0,7.6,naval mine,93a4d21e94db4c3ab17fe8d5b6aa025f,Shmutz Sea Mine,sevendollarfifty,CC-BY,9456,0,1,https://sketchfab.com/3d-models/none-93a4d21e94db4c3ab17fe8d5b6aa025f,https://media.sketchfab.com/models/93a4d21e94db4c3ab17fe8d5b6aa025f/thumbnails/d7f449bc80c94bcbaf30e1da6d583133/d2f9dee118114801a5a0e626f262ae4d.jpeg
AMMO/RocketHomingMissile,Rocket Homing Missile,1,1,11.14,missile,bf41ead41c924080ab5773902c968a23,Missile Turret,ismeteavee,CC-BY,1436,0,117,https://sketchfab.com/3d-models/none-bf41ead41c924080ab5773902c968a23,https://media.sketchfab.com/models/bf41ead41c924080ab5773902c968a23/thumbnails/986fa3051b0e4633a36cd1ae4cdcb985/5edb0d9248cc4cb684e8368741166cbb.jpeg
AMMO/RocketHomingMissile,Rocket Homing Missile,2,0,11.07,missile,1be9ec86a68d4657920fec178be1626c,Sci-fi missile,robnewman76,CC-BY,1103,0,107,https://sketchfab.com/3d-models/none-1be9ec86a68d4657920fec178be1626c,https://media.sketchfab.com/models/1be9ec86a68d4657920fec178be1626c/thumbnails/9267700d48754921870598e33aa3ad72/256x144.jpeg
AMMO/RocketHomingMissile,Rocket Homing Missile,3,0,11.05,missile,93d7a4b3028b47a19273f067aa160c58,JSM-57A Cruise Missile,Planetrix23,CC-BY,1856,0,105,https://sketchfab.com/3d-models/none-93d7a4b3028b47a19273f067aa160c58,https://media.sketchfab.com/models/93d7a4b3028b47a19273f067aa160c58/thumbnails/c09cb5ef28ab43599daf04753797af32/50d6809bde3d4b19bff1c462dc2e317c.jpeg
AMMO/RocketPropelledGrenade,Rocket Propelled Grenade,1,1,12.24,rpg rocket,625b550f52a04068b943837558b5a582,RPG_7,AnilkumarG,CC-BY,31138,1,131,https://sketchfab.com/3d-models/none-625b550f52a04068b943837558b5a582,https://media.sketchfab.com/models/625b550f52a04068b943837558b5a582/thumbnails/e9becfb838ef4fefac1298da774ed974/d918504f4b974273960e800027211b53.jpeg
AMMO/RocketPropelledGrenade,Rocket Propelled Grenade,2,0,9.8,rpg rocket,6c8683f0dbc04d75b610a2e656e639a8,RPG-7,paolinorenzo,CC-BY,83206,1,250,https://sketchfab.com/3d-models/none-6c8683f0dbc04d75b610a2e656e639a8,https://media.sketchfab.com/models/6c8683f0dbc04d75b610a2e656e639a8/thumbnails/c7acfffd461c41a89143e8edb8c382ad/3001c09d4c304764982664f1e57476f2.jpeg
AMMO/RocketPropelledGrenade,Rocket Propelled Grenade,3,0,9.6,rpg rocket,0e665e05f8ed4a3880af2a8b9843621a,RPG7 Rocket Launcher,hukan008,CC-BY,1014,0,62,https://sketchfab.com/3d-models/none-0e665e05f8ed4a3880af2a8b9843621a,https://media.sketchfab.com/models/0e665e05f8ed4a3880af2a8b9843621a/thumbnails/98eac4082c3c4d7c8eed2171e1a119d8/db10903588904216891559a58d00708c.jpeg
AMMO/ShockingTranquilizerDart,Shocking Tranquilizer Dart,1,1,11.08,tranquilizer dart,ef12086b0a1844c8972b5684b9874f82,Tranquilizer Dart - Wildlife Research Tool,adhamAsalah,CC-BY,70862,1,10,https://sketchfab.com/3d-models/none-ef12086b0a1844c8972b5684b9874f82,https://media.sketchfab.com/models/ef12086b0a1844c8972b5684b9874f82/thumbnails/f750bae6add9412d9e4bebb27be9d7c6/27cc5785706e44c4bc04f3e9a82ebe87.jpeg
AMMO/ShockingTranquilizerDart,Shocking Tranquilizer Dart,2,0,9.13,tranquilizer dart,a5245233944a414780d88bbc1e794200,Dan-Inject tranquilizer dart gun,Sander_Casier,CC-BY,28375,1,115,https://sketchfab.com/3d-models/none-a5245233944a414780d88bbc1e794200,https://media.sketchfab.com/models/a5245233944a414780d88bbc1e794200/thumbnails/e182bc0fae194f6b9ae9bb6b491b284b/d247a004a45a4be0a365d12bb1228202.jpeg
AMMO/ShockingTranquilizerDart,Shocking Tranquilizer Dart,3,0,9.08,tranquilizer dart,5ffcfa15a5b442f9a29e6d7bddddc783,Tranquilizer Gun,Aether5,CC-BY,9654,0,10,https://sketchfab.com/3d-models/none-5ffcfa15a5b442f9a29e6d7bddddc783,https://media.sketchfab.com/models/5ffcfa15a5b442f9a29e6d7bddddc783/thumbnails/3d537f0c282a4c8eb10e8b65b5faf18c/5728cee97c554657bdcc5513b195b554.jpeg
AMMO/SimpleBullet,Simple Bullet,1,1,6.2,musket ball,905552e0aa134c8c889c0a41b250eff6,Musket Ball number 29 EOA:2022.87.3,portlandmuseum,CC-BY,25000,1,3,https://sketchfab.com/3d-models/none-905552e0aa134c8c889c0a41b250eff6,https://media.sketchfab.com/models/905552e0aa134c8c889c0a41b250eff6/thumbnails/e296cd68d1274ccbbf6fa7716e12bc63/988fa208d2a2486384748957d45e868d.jpeg
AMMO/SimpleBullet,Simple Bullet,2,0,4.0,musket ball,2e2a13fc4f40442f924c75795f66861f,Musket,JK3Ds,CC-BY,2752,0,0,https://sketchfab.com/3d-models/none-2e2a13fc4f40442f924c75795f66861f,https://media.sketchfab.com/models/2e2a13fc4f40442f924c75795f66861f/thumbnails/c572cef1b2204dae8f0eba92fbe38abb/2f096e9bf6fd42f78d9136d8e50b742c.jpeg
AMMO/SimpleBullet,Simple Bullet,3,0,2.2,musket ball,4c95edb5ce4343bb861f6deb1668f848,British Gunflint,BostonArchaeology,CC-BY,27121,1,3,https://sketchfab.com/3d-models/none-4c95edb5ce4343bb861f6deb1668f848,https://media.sketchfab.com/models/4c95edb5ce4343bb861f6deb1668f848/thumbnails/7a3fe980d9e2491993d56858f2791f7c/57861e8f3a494c8197a8faffc305c6fa.jpeg
AMMO/SimpleRifleAmmo,Simple Rifle Ammo,1,1,14.65,rifle cartridge,abdf9387a9594d289855155c762e4f5c,6.5×55mm Swedish Cartridge,valterjherson1,CC-BY,11712,0,210,https://sketchfab.com/3d-models/none-abdf9387a9594d289855155c762e4f5c,https://media.sketchfab.com/models/abdf9387a9594d289855155c762e4f5c/thumbnails/30007665a89c4935ae43fecbd862f5ad/281acaa2976c414c9e20fdf93e7da793.jpeg
AMMO/SimpleRifleAmmo,Simple Rifle Ammo,2,0,14.16,rifle cartridge,acc545c31c8e4e38ad8eac6db7b7704f,Rifle Cartridge - Photoscan,perfogy,CC-BY,2940,0,11,https://sketchfab.com/3d-models/none-acc545c31c8e4e38ad8eac6db7b7704f,https://media.sketchfab.com/models/acc545c31c8e4e38ad8eac6db7b7704f/thumbnails/a885efc09d0c459c85e4ff45694b978e/a5e0319e59e0492cae3c20a0a920ef85.jpeg
AMMO/SimpleRifleAmmo,Simple Rifle Ammo,3,0,13.38,rifle cartridge,2940e9075f804f99836ada31aadaf231,Winchester Model 1886 Rifle,edward.alden99,CC-BY,5860,0,48,https://sketchfab.com/3d-models/none-2940e9075f804f99836ada31aadaf231,https://media.sketchfab.com/models/2940e9075f804f99836ada31aadaf231/thumbnails/8272122012c0423083dc7a15cf10aa4c/2128483875404d80827f37241c601667.jpeg
AMMO/SimpleShotgunAmmo,Simple Shotgun Ammo,1,1,16.4,shotgun shell,0e68a7bd76dd413f8fc6369abe9b51fd,Survival Handmade ShotGun,berkgedik,CC-BY,19454,0,49,https://sketchfab.com/3d-models/none-0e68a7bd76dd413f8fc6369abe9b51fd,https://media.sketchfab.com/models/0e68a7bd76dd413f8fc6369abe9b51fd/thumbnails/e64bcda19056498b9c5814823fa8d9af/db0c5fa582df4f1fae4d4c98ef3e66c1.jpeg
AMMO/SimpleShotgunAmmo,Simple Shotgun Ammo,2,0,14.49,shotgun shell,a214b923e94d4b37a17fe806d6a57337,Sulun Revolver Shotgun SR410,edward.alden99,CC-BY,11222,0,174,https://sketchfab.com/3d-models/none-a214b923e94d4b37a17fe806d6a57337,https://media.sketchfab.com/models/a214b923e94d4b37a17fe806d6a57337/thumbnails/bbdf3f37627e42e68640154a65bf1092/14236054964a4bd7aa2aa97cecfb1def.jpeg
AMMO/SimpleShotgunAmmo,Simple Shotgun Ammo,3,0,14.25,shotgun shell,ea1321a19c4a4707a390763b90ff260e,Remington Pump-Action Shotgun,Gintoki1234,CC-BY,9456,0,132,https://sketchfab.com/3d-models/none-ea1321a19c4a4707a390763b90ff260e,https://media.sketchfab.com/models/ea1321a19c4a4707a390763b90ff260e/thumbnails/009034ad5fd0467e9eb63345c18bb7b6/0e21aa2300844c908823b6eedd4a5176.jpeg
AMMO/SpearBolt,Spear Bolt,1,1,7.86,speargun spear,adb4272584e9498f9cbee5c1f0c61e17,Speargun Popo toilet,destructful67,CC-BY,24045,1,26,https://sketchfab.com/3d-models/none-adb4272584e9498f9cbee5c1f0c61e17,https://media.sketchfab.com/models/adb4272584e9498f9cbee5c1f0c61e17/thumbnails/9c9d19d75ec8494f895402ed181bfce5/825e97349f6b403ba9275f3d33faff07.jpeg
AMMO/SpearBolt,Spear Bolt,2,0,7.51,speargun spear,4384779ce4fe40a0b6dd0fe62d312715,Halo 1999 Speargun,Aegis_Wolf,CC-BY,27390,1,17,https://sketchfab.com/3d-models/none-4384779ce4fe40a0b6dd0fe62d312715,https://media.sketchfab.com/models/4384779ce4fe40a0b6dd0fe62d312715/thumbnails/b487dfa522714419b0be8014d8d28f65/934e6bc0044549edb70c9426cd26b86e.jpeg
AMMO/SpearBolt,Spear Bolt,3,0,7.41,speargun spear,b5654f3b36d143349eb92e513707172c,Speargun ( with Arms ),frkndgr,CC-BY,20282,1,15,https://sketchfab.com/3d-models/none-b5654f3b36d143349eb92e513707172c,https://media.sketchfab.com/models/b5654f3b36d143349eb92e513707172c/thumbnails/117dc18ee55045308185389d871ce26f/be1f8bc6abaa4a8f9e2bb346f8b4dd99.jpeg
AMMO/StoneArrow,Stone Arrow,1,1,12.95,stone arrow,290f9609c73f47e293c792d459b97934,Wooden Arrow – Game-Ready 3D Model,gamico,CC-BY,1062,0,2,https://sketchfab.com/3d-models/none-290f9609c73f47e293c792d459b97934,https://media.sketchfab.com/models/290f9609c73f47e293c792d459b97934/thumbnails/ae3c158bd64d4f61b0081e21abdd7c7a/13cb83ca9b194fdda539c9ec3e7ca8fd.jpeg
AMMO/StoneArrow,Stone Arrow,2,0,8.0,stone arrow,426396cdd5994d698386ac4a4960795e,Stone Arrowhead,Kade.Wolfe,CC-BY,716,0,9,https://sketchfab.com/3d-models/none-426396cdd5994d698386ac4a4960795e,https://media.sketchfab.com/models/426396cdd5994d698386ac4a4960795e/thumbnails/667e7b2ed1c84152b5481ef307b8776d/32c3625660ba48dab256d424e5a78abf.jpeg
AMMO/StoneArrow,Stone Arrow,3,0,4.2,stone arrow,84d2c20d438041faa29a927647beeb71,Arrow Head Printable,McKie_Foundation,CC-BY,47337,1,3,https://sketchfab.com/3d-models/none-84d2c20d438041faa29a927647beeb71,https://media.sketchfab.com/models/84d2c20d438041faa29a927647beeb71/thumbnails/a8a1d3cea38840fea4e02f80967d3330/8a1b094d86d045e3b5957c93f9541842.jpeg
AMMO/TranqArrow,Tranq Arrow,1,1,14.11,arrow,9ab4314e81e540b081a86245f595148d,Medieval Bow and Arrow,UgurYksk,CC-BY,1096,0,112,https://sketchfab.com/3d-models/none-9ab4314e81e540b081a86245f595148d,https://media.sketchfab.com/models/9ab4314e81e540b081a86245f595148d/thumbnails/99b420f318a94071bb988d70cb37e5c6/21c5667fee9141238a76f9474ba9a24e.jpeg
AMMO/TranqArrow,Tranq Arrow,2,0,10.19,arrow,ce2c19b57b1b4b9a843c985d2a95c3c0,Bow and arrow,naddb,CC-BY,15984,0,123,https://sketchfab.com/3d-models/none-ce2c19b57b1b4b9a843c985d2a95c3c0,https://media.sketchfab.com/models/ce2c19b57b1b4b9a843c985d2a95c3c0/thumbnails/2f75da5287f846528f9d1f4346167cb6/812632c502fa483dbe7ed40b18701372.jpeg
AMMO/TranqArrow,Tranq Arrow,3,0,8.42,arrow,6ef46718c7b242e39fcad7f27ee858a5,Direction Arrow,BenAlihan,CC-BY,672,0,162,https://sketchfab.com/3d-models/none-6ef46718c7b242e39fcad7f27ee858a5,https://media.sketchfab.com/models/6ef46718c7b242e39fcad7f27ee858a5/thumbnails/3ed575ee508b477da165255a1613c9c8/268896eb587e419f930a64b4837bd8bd.jpeg
AMMO/TranqSpearBolt,Tranq Spear Bolt,1,1,13.67,harpoon,882e75cb8c5540fa9e159723447c4778,Whaling harpoon,d4rk.s0up,CC-BY,4026,0,67,https://sketchfab.com/3d-models/none-882e75cb8c5540fa9e159723447c4778,https://media.sketchfab.com/models/882e75cb8c5540fa9e159723447c4778/thumbnails/64a333669a5e4c379daddbdced847d7b/75d9152f2ecd498ebfc33be54209c216.jpeg
AMMO/TranqSpearBolt,Tranq Spear Bolt,2,0,8.91,harpoon,6da21e810aac48cfbdc185cb76c25b3e,Harpoon Gun,thelaughingdingo,CC-BY,9874,0,8,https://sketchfab.com/3d-models/none-6da21e810aac48cfbdc185cb76c25b3e,https://media.sketchfab.com/models/6da21e810aac48cfbdc185cb76c25b3e/thumbnails/3b96a42d7e71419aa1b3b771ec3be632/438c9113186543bf930a4fa18ed28376.jpeg
AMMO/TranqSpearBolt,Tranq Spear Bolt,3,0,7.34,harpoon,87796abfd8aa44e782fca26e86699f3d,Rosa Harpoon [Arknights],Mouzyy,CC-BY,18519,0,46,https://sketchfab.com/3d-models/none-87796abfd8aa44e782fca26e86699f3d,https://media.sketchfab.com/models/87796abfd8aa44e782fca26e86699f3d/thumbnails/1a677b284c78420293f5225a07811e44/cb3a82b02abc45c3bddb312c89ad52ba.jpeg
AMMO/TranquilizerDart,Tranquilizer Dart,1,1,11.08,tranquilizer dart,ef12086b0a1844c8972b5684b9874f82,Tranquilizer Dart - Wildlife Research Tool,adhamAsalah,CC-BY,70862,1,10,https://sketchfab.com/3d-models/none-ef12086b0a1844c8972b5684b9874f82,https://media.sketchfab.com/models/ef12086b0a1844c8972b5684b9874f82/thumbnails/f750bae6add9412d9e4bebb27be9d7c6/27cc5785706e44c4bc04f3e9a82ebe87.jpeg
AMMO/TranquilizerDart,Tranquilizer Dart,2,0,9.13,tranquilizer dart,a5245233944a414780d88bbc1e794200,Dan-Inject tranquilizer dart gun,Sander_Casier,CC-BY,28375,1,115,https://sketchfab.com/3d-models/none-a5245233944a414780d88bbc1e794200,https://media.sketchfab.com/models/a5245233944a414780d88bbc1e794200/thumbnails/e182bc0fae194f6b9ae9bb6b491b284b/d247a004a45a4be0a365d12bb1228202.jpeg
AMMO/TranquilizerDart,Tranquilizer Dart,3,0,9.08,tranquilizer dart,5ffcfa15a5b442f9a29e6d7bddddc783,Tranquilizer Gun,Aether5,CC-BY,9654,0,10,https://sketchfab.com/3d-models/none-5ffcfa15a5b442f9a29e6d7bddddc783,https://media.sketchfab.com/models/5ffcfa15a5b442f9a29e6d7bddddc783/thumbnails/3d537f0c282a4c8eb10e8b65b5faf18c/5728cee97c554657bdcc5513b195b554.jpeg
ARMOR/Chitin/ChitinBoots,Chitin Boots,1,1,20.69,boots realistic,7fb34069b6024b38a5d4c4871dc9fb44,Caterpillar Boots 3D,cod.teodor,CC-BY,30820,1,69,https://sketchfab.com/3d-models/none-7fb34069b6024b38a5d4c4871dc9fb44,https://media.sketchfab.com/models/7fb34069b6024b38a5d4c4871dc9fb44/thumbnails/6fa438a4712449ac8d0feb5bc7ac350f/aa90b0020d044f679f3a5c5cad1933ef.jpeg
ARMOR/Chitin/ChitinBoots,Chitin Boots,2,0,20.2,boots realistic,6fa72b1e3ce2471e8112ba1d82437e54,Boots,klim.daniil,CC-BY,7805,0,3,https://sketchfab.com/3d-models/none-6fa72b1e3ce2471e8112ba1d82437e54,https://media.sketchfab.com/models/6fa72b1e3ce2471e8112ba1d82437e54/thumbnails/c81eea90b1ec4593a64b6f8a7d6faef4/fe0d80d6fda2433bb11a778b04b08e43.jpeg
ARMOR/Chitin/ChitinBoots,Chitin Boots,3,0,13.21,boots realistic,417531d1bfcd4fc39f9cedbc1c85963e,Old Lowa Gore-Tex Boot (2021 / FREE),inciprocal.com,CC-BY,19900,0,404,https://sketchfab.com/3d-models/none-417531d1bfcd4fc39f9cedbc1c85963e,https://media.sketchfab.com/models/417531d1bfcd4fc39f9cedbc1c85963e/thumbnails/c9d162019c634b6bb0c856c0c1633986/506c89f00b764a9ba706f0f3d9cb3a80.jpeg
ARMOR/Chitin/ChitinChestpiece,Chitin Chestpiece,1,1,18.82,vest realistic,ce92c014efd140deb6e918b3c59bf539,Combat Vest,csheffield,CC-BY,13682,0,813,https://sketchfab.com/3d-models/none-ce92c014efd140deb6e918b3c59bf539,https://media.sketchfab.com/models/ce92c014efd140deb6e918b3c59bf539/thumbnails/388fa81b19f046d2847317add514c256/100d599abed9430e8045af5d931acaae.jpeg
ARMOR/Chitin/ChitinChestpiece,Chitin Chestpiece,2,0,16.92,vest realistic,9cc130d3ac6f43809d119ceb6b1227c0,Realistic Blacksmith Anvil,olahamieholahamieholahamieh,CC-BY,117914,1,28,https://sketchfab.com/3d-models/none-9cc130d3ac6f43809d119ceb6b1227c0,https://media.sketchfab.com/models/9cc130d3ac6f43809d119ceb6b1227c0/thumbnails/9e41db29ed5a4bb3a9cb52923ee1f1cf/69f23e55c0084a0b9ba8b04d0ea74fd6.jpeg
ARMOR/Chitin/ChitinChestpiece,Chitin Chestpiece,3,0,15.51,vest realistic,1780db52a7574d4b87158202ee510613,firing-rifle,Farhantariqsf75,CC-BY,3454,0,17,https://sketchfab.com/3d-models/none-1780db52a7574d4b87158202ee510613,https://media.sketchfab.com/models/1780db52a7574d4b87158202ee510613/thumbnails/8b955ccb48434ad6a6f4a030e7b359be/1872a1efa07c4e2fb5b11306842d5503.jpeg
ARMOR/Chitin/ChitinGauntlets,Chitin Gauntlets,1,1,16.6,gloves realistic,1e39aae49fce40dfae440d3004766d46,Worn Work Gloves - Photogrammetry Scan,andreicaleksa33,CC-BY,15704,0,1,https://sketchfab.com/3d-models/none-1e39aae49fce40dfae440d3004766d46,https://media.sketchfab.com/models/1e39aae49fce40dfae440d3004766d46/thumbnails/69051b13e73143458950173ca1bba021/a44ec7b2ea3340d29568a9fe2257e8c3.jpeg
ARMOR/Chitin/ChitinGauntlets,Chitin Gauntlets,2,0,15.51,gloves realistic,1780db52a7574d4b87158202ee510613,firing-rifle,Farhantariqsf75,CC-BY,3454,0,17,https://sketchfab.com/3d-models/none-1780db52a7574d4b87158202ee510613,https://media.sketchfab.com/models/1780db52a7574d4b87158202ee510613/thumbnails/8b955ccb48434ad6a6f4a030e7b359be/1872a1efa07c4e2fb5b11306842d5503.jpeg
ARMOR/Chitin/ChitinGauntlets,Chitin Gauntlets,3,0,12.01,gloves realistic,f6923917c8014578b1c1cb2b4c249268,S.W.A.T. Operator- 4k Followers Special Remaster,jeandiz,CC-BY,71818,1,1011,https://sketchfab.com/3d-models/none-f6923917c8014578b1c1cb2b4c249268,https://media.sketchfab.com/models/f6923917c8014578b1c1cb2b4c249268/thumbnails/4da834d972324295ba18d9d2ed1bcb1b/bdaea61f8bfb4614acaf791c6d189f63.jpeg
ARMOR/Chitin/ChitinHelmet,Chitin Helmet,1,1,15.09,helmet realistic,6131ae334da74d279af337839fddee22,M1 Helmet,Efarys,CC-BY,9012,0,351,https://sketchfab.com/3d-models/none-6131ae334da74d279af337839fddee22,https://media.sketchfab.com/models/6131ae334da74d279af337839fddee22/thumbnails/b32574b72a0649918f4bf10e08dc4756/a5d169a35c2e4b249985c5555dbe5684.jpeg
ARMOR/Chitin/ChitinHelmet,Chitin Helmet,2,0,15.06,helmet realistic,de876bfdce1c47a4aa67670faee7208e,Sci-Fi Soldier / Futuristic Combat Trooper,evgenytvidov,CC-BY,30757,1,1074,https://sketchfab.com/3d-models/none-de876bfdce1c47a4aa67670faee7208e,https://media.sketchfab.com/models/de876bfdce1c47a4aa67670faee7208e/thumbnails/dfdbf9612a31441aa9b1b8989b8696a5/6caa350bdcac4c8fb32254c8a6172780.jpeg
ARMOR/Chitin/ChitinHelmet,Chitin Helmet,3,0,14.31,helmet realistic,9c4917985eab41e6895bc09146b7eae8,Star Wars Helmet,UgurYksk,CC-BY,84200,1,44,https://sketchfab.com/3d-models/none-9c4917985eab41e6895bc09146b7eae8,https://media.sketchfab.com/models/9c4917985eab41e6895bc09146b7eae8/thumbnails/8155c63491a147598c4cca3d9bde281c/a9f41270a0544936a8283640f412c260.jpeg
ARMOR/Chitin/ChitinLeggings,Chitin Leggings,1,1,13.68,pants realistic,dd834c616c4245e885b307faa5cdc7f9,Wanderer Hooded Cloak Pant | Realistic 3D Model,BlendWear,CC-BY,97260,1,21,https://sketchfab.com/3d-models/none-dd834c616c4245e885b307faa5cdc7f9,https://media.sketchfab.com/models/dd834c616c4245e885b307faa5cdc7f9/thumbnails/98edcc8e91434f43bbf8b2349ea9a449/b62a82dd9f4441339c4f64a8841a2ad8.jpeg
ARMOR/Chitin/ChitinLeggings,Chitin Leggings,2,0,12.83,pants realistic,8ea0cbbda6fd4ce98e1e979d11c3f29b,Embroidered Utility Scarf Pants | 3D Model,BlendWear,CC-BY,91875,1,25,https://sketchfab.com/3d-models/none-8ea0cbbda6fd4ce98e1e979d11c3f29b,https://media.sketchfab.com/models/8ea0cbbda6fd4ce98e1e979d11c3f29b/thumbnails/ed69b97dcb5b4182b259c42ed4ac4952/b282b3763d5a4483935950434a1d8595.jpeg
ARMOR/Chitin/ChitinLeggings,Chitin Leggings,3,0,12.23,pants realistic,2f5d5647fc3a413ea195934209bfa983,Realistic Small Furnace | Game Ready HQ Prop,gamico,CC-BY,1546,0,12,https://sketchfab.com/3d-models/none-2f5d5647fc3a413ea195934209bfa983,https://media.sketchfab.com/models/2f5d5647fc3a413ea195934209bfa983/thumbnails/f3796f03b4b54b9aaf804815426d6e60/f84c1d05783643eda106dcf4dcae034c.jpeg
